snapshot_date,study_id,study_key,title,year_in_snapshot,doi,venue,historical_assessment,primary_source_url,source_status,empirical_status,design_status,mmat_status
2026-08-31,1,Math2021_001,Math proficiency prediction in computer-based international large-scale assessments using a multi-class machine learning model,2021,10.1109/SISY52375.2021.9582522,2021 IEEE 19th International Symposium on Intelligent Systems and Informatics (SISY),retained_historical_mapping,https://doi.org/10.1109/SISY52375.2021.9582522,primary_identifier_not_archived,empirical_abstract_only,abstract_based,provisional_reassessment_only
2026-08-31,2,Implementation2025_000,The Implementation of Educational Data Mining in Predicting Students' Academic Achievement in Mathematics at a Private Elementary School,2025,10.18178/ijiet.2025.15.1.2228,International Journal of Information and Education Technology,retained_historical_mapping,https://www.ijiet.org/vol15/IJIET-V15N1-2228.pdf,primary_text_reviewed_external,empirical_confirmed_external,design_reassessed_provisional,provisional_reassessment_only
2026-08-31,3,Multimodels2020_002,Multi-models of Educational Data Mining for Predicting Student Performance in Mathematics: A Case Study on High Schools in Cambodia,2020,10.5573/IEIESPC.2020.9.3.217,IEIE Transactions on Smart Processing and Computing,retained_historical_mapping,https://www.researchgate.net/publication/342670436_Multi-models_of_Educational_Data_Mining_for_Predicting_Student_Performance_in_Mathematics_A_Case_Study_on_High_Schools_in_Cambodia,primary_text_reviewed_external,empirical_confirmed_external,design_reassessed_provisional,provisional_reassessment_only
2026-08-31,4,Analysis2022_003,Analysis of Feature Selection and Data Mining Techniques to Predict Student Academic Performance,2022,10.1109/DASA54658.2022.9765236,2022 International Conference on Decision Aid Sciences and Applications (DASA),retained_historical_mapping,https://www.researchgate.net/publication/359520060_Analysis_of_Feature_Selection_and_Data_Mining_Techniques_to_Predict_Student_Academic_Performance,primary_text_reviewed_external,empirical_confirmed_external,design_reassessed_provisional,provisional_reassessment_only
2026-08-31,5,Design2025_004,Design of Personalized Learning Path Optimization Algorithm Based on Deep Learning,2025,10.1109/CIPAE66821.2025.00116,"2025 International Conference on Computers, Information Processing and Advanced Education (CIPAE)",retained_historical_mapping,https://doi.org/10.1109/CIPAE66821.2025.00116,primary_identifier_not_archived,empirical_abstract_only,abstract_based,provisional_reassessment_only
2026-08-31,6,Identifying2017_006,Identifying the Classification Performances of Educational Data Mining Methods: A Case Study for TIMSS,2017,10.12738/estp.2017.5.0634,Educational Sciences: Theory & Practice,retained_historical_mapping,https://jestp.com/menuscript/index.php/estp/article/download/426/381/754,primary_text_reviewed_external,empirical_confirmed_external,design_reassessed_provisional,provisional_reassessment_only
2026-08-31,7,Innovative2023_005,An Innovative Model of Higher Mathematics Curriculum Education Incorporating Artificial Intelligence Technology,2023,10.2478/amns.2023.2.01524,Applied Mathematics and Nonlinear Sciences,retained_historical_mapping,https://amns.sciendo.com/pdf/10.2478/amns.2023.2.01524,primary_text_reviewed_external,empirical_confirmed_external,design_reassessed_provisional,provisional_reassessment_only
2026-08-31,8,Computational2017_008,"Computational Models of Human Learning: Applications for Tutor Development, Behavior Prediction, and Theory Testing",2017,10.1184/R1/6715271,Research Showcase @ Carnegie Mellon University,retained_historical_mapping,https://chrismaclellan.com/media/publications/MacLellan-Camera-Ready.pdf,primary_text_reviewed_external,empirical_confirmed_external,design_reassessed_provisional,provisional_reassessment_only
2026-08-31,9,Machine2019_007,Machine Learning-based Predictive Analytics of Student Academic Performance in STEM Education,2019,10.1109/EDUCON.2019.8725237,2019 IEEE Global Engineering Education Conference (EDUCON),retained_historical_mapping,https://doi.org/10.1109/EDUCON.2019.8725237,primary_identifier_not_archived,empirical_abstract_only,abstract_based,provisional_reassessment_only
2026-08-31,10,Machine2024_009,Machine learning methods as auxiliary tool for effective mathematics teaching,2024,10.1002/cae.22787,Computer Applications in Engineering Education,retained_historical_mapping,https://doi.org/10.1002/cae.22787,primary_identifier_not_archived,empirical_abstract_only,abstract_based,provisional_reassessment_only
2026-09-03,14,Enhancing2025_012,Enhancing Student Achievement in Circle Theorems: Integrating Computer Animation with the Jigsaw Cooperative Learning Model,2025,10.56855/ijmme.v3i2.1299,International Journal of Mathematics and Mathematics Education,adjudicated_in_pr54,https://journals.eduped.org/index.php/IJMME/article/view/1299,abstract_metadata_available_primary_not_recovered,empirical_abstract_only,abstract_based,provisional_reassessment_only
2026-09-03,6915,He2025_6915,AI-driven predictive models for optimizing mathematics education technology: Enhancing decision-making through educational data mining and meta-analysis,2025,10.1186/s40561-025-00415-z,Smart Learning Environments,adjudicated_in_pr54,https://link.springer.com/article/10.1186/s40561-025-00415-z,abstract_metadata_available_primary_not_recovered,empirical_abstract_only,abstract_based,provisional_reassessment_only
2026-08-31,6916,Villegas2025_6916,Adaptive intelligent tutoring systems for STEM education: analysis of the learning impact and effectiveness of personalized feedback,2025,10.1186/s40561-025-00389-y,Smart Learning Environments,no_current_assessment,https://link.springer.com/article/10.1186/s40561-025-00389-y,primary_text_reviewed_external,empirical_confirmed_external,design_reassessed_provisional,provisional_reassessment_only
2026-08-31,6917,Ozseven2026_6917,A Hybrid Neuro-Fuzzy and Machine Learning Model for Student Performance Prediction in Online Mathematics Education,2026,10.14569/ijacsa.2026.0170516,International Journal of Advanced Computer Science and Applications,no_current_assessment,https://thesai.org/Downloads/Volume17No5/Paper_16-A_Hybrid_Neuro_Fuzzy_and_Machine_Learning_Model.pdf,primary_text_reviewed_external,empirical_confirmed_external,design_reassessed_provisional,provisional_reassessment_only
2026-09-03,6919,UniversityMathematics2026_6919,Exploring the Integration of Education for Sustainable Development into University Mathematics: Insights from SiC Thickness Measurement in Advanced Industrial Applications,2026,10.3390/su18041900,Sustainability,adjudicated_in_pr54,https://www.mdpi.com/2071-1050/18/4/1900,abstract_metadata_available_primary_not_recovered,empirical_abstract_only,abstract_based,provisional_reassessment_only
2026-08-31,6920,Echeveria2025_6920,Modeling Students' Mindset in Mathematics: A Data Mining Approach for Early Intervention,2025,10.24018/ejedu.2025.6.6.934,European Journal of Education and Pedagogy,no_current_assessment,https://www.eu-opensci.org/index.php/ejedu/article/download/30934/6690/33249,primary_text_reviewed_external,empirical_confirmed_external,design_reassessed_provisional,provisional_reassessment_only
2026-08-31,6921,Imperatrice2025_6921,Beyond the traditional classroom: innovation and inclusion in math teaching with AI,2025,,,no_current_assessment,https://www.inclusiveteaching.it/index.php/inclusiveteaching/article/download/449/422/3083,protocol_or_proposal_confirmed,empirical_status_not_applicable,not_applicable,hold_empirical_status
2026-08-31,6923,Zeng2025_6923,Multimodal neurophysiological measurement of cognitive load during math problem solving in 4th graders,2025,10.7916/2q6y-bm58,,no_current_assessment,https://doi.org/10.7916/2q6y-bm58,abstract_metadata_available,empirical_abstract_only,abstract_based,provisional_reassessment_only
