source_id,study_id,source_url,source_type,accessed_date,local_file,sha256,full_text_status,verification_note
PS-001,1,https://doi.org/10.1109/SISY52375.2021.9582522,doi_identifier,2026-09-01,,,not_archived,"Primary identifier recorded; IEEE endpoint was reached through the DOI but returned an access challenge; full text not archived in repository"
PS-002,2,https://www.ijiet.org/vol15/IJIET-V15N1-2228.pdf,publisher_pdf,2026-08-31,,,externally_reviewed_not_archived,"Primary PDF reviewed for the current provisional MMAT ledger; not copied into the repository"
PS-003,3,https://www.researchgate.net/publication/342670436_Multi-models_of_Educational_Data_Mining_for_Predicting_Student_Performance_in_Mathematics_A_Case_Study_on_High_Schools_in_Cambodia,author_uploaded_fulltext,2026-08-31,,,externally_reviewed_not_archived,"Author-uploaded full text reviewed for the current provisional MMAT ledger; not copied into the repository"
PS-004,4,https://www.researchgate.net/publication/359520060_Analysis_of_Feature_Selection_and_Data_Mining_Techniques_to_Predict_Student_Academic_Performance,author_uploaded_fulltext,2026-08-31,,,externally_reviewed_not_archived,"Author-uploaded full text reviewed for the current provisional MMAT ledger; not copied into the repository"
PS-005,5,https://doi.org/10.1109/CIPAE66821.2025.00116,doi_identifier,2026-09-01,,,not_archived,"Primary identifier recorded; IEEE endpoint was reached through the DOI but returned an access challenge; full text not archived in repository"
PS-006,6,https://jestp.com/menuscript/index.php/estp/article/download/426/381/754,publisher_pdf,2026-08-31,,,externally_reviewed_not_archived,"Publisher PDF reviewed for the current provisional MMAT ledger; not copied into the repository"
PS-007,7,https://amns.sciendo.com/pdf/10.2478/amns.2023.2.01524,publisher_pdf,2026-08-31,,,externally_reviewed_not_archived,"Publisher PDF reviewed for the current provisional MMAT ledger; not copied into the repository"
PS-008,8,https://chrismaclellan.com/media/publications/MacLellan-Camera-Ready.pdf,author_fulltext_pdf,2026-08-31,,,externally_reviewed_not_archived,"Author-hosted dissertation PDF reviewed for the current provisional MMAT ledger; not copied into the repository"
PS-009,9,https://doi.org/10.1109/EDUCON.2019.8725237,doi_identifier,2026-09-01,,,not_archived,"Primary identifier recorded; IEEE endpoint was reached through the DOI but returned an access challenge; full text not archived in repository"
PS-010,10,https://doi.org/10.1002/cae.22787,doi_identifier,2026-09-01,,,not_archived,"Wiley endpoint returned an access block during retrieval; the primary identifier and public metadata remain recorded; full text not archived in repository"
PS-014,14,https://journals.eduped.org/index.php/IJMME/article/download/1299/945,publisher_full_text_pdf,2026-10-09,,,externally_reviewed_not_archived,"Publisher PDF reviewed externally, pp. 101-105. The article conflicts on school allocation: p. 101 says schools were randomly assigned, while p. 102 calls the design quasi-experimental and states that it does not involve random assignment; provisional nonrandomized classification and supervisor adjudication remain pending."
PS-6915,6915,https://link.springer.com/article/10.1186/s40561-025-00415-z,publisher_full_text_html,2026-10-09,,,externally_reviewed_not_archived,"Publisher full text reviewed externally, sections Feature selection and practical application and Validation. MMAT appraisal is scoped to the classroom component; the paper reports eight classes of 45 students but a total n=90, and teacher assignment is confounded with study condition."
PS-6916,6916,https://link.springer.com/article/10.1186/s40561-025-00389-y,publisher_article,2026-08-31,,,externally_reviewed_not_archived,"Publisher HTML reviewed for the current provisional MMAT ledger; not copied into the repository"
PS-6917,6917,https://thesai.org/Downloads/Volume17No5/Paper_16-A_Hybrid_Neuro_Fuzzy_and_Machine_Learning_Model.pdf,publisher_pdf,2026-08-31,,,externally_reviewed_not_archived,"Publisher PDF reviewed for the current provisional MMAT ledger; not copied into the repository"
PS-6919,6919,https://www.researchgate.net/publication/400728111_Exploring_the_Integration_of_Education_for_Sustainable_Development_into_University_Mathematics_Insights_from_SiC_Thickness_Measurement_in_Advanced_Industrial_Applications,full_text_mirror,2026-10-09,,,externally_reviewed_not_archived,"Public full-text mirror reviewed for the provisional MMAT evidence ledger; bibliographic identity cross-checked against the publisher record and DOI 10.3390/su18041900. Not archived in the repository; no source text or PDF reproduced."
PS-6920,6920,https://www.eu-opensci.org/index.php/ejedu/article/download/30934/6690/33249,publisher_pdf,2026-08-31,,,externally_reviewed_not_archived,"Publisher PDF reviewed for the current provisional MMAT ledger; not copied into the repository"
PS-6921,6921,https://www.inclusiveteaching.it/index.php/inclusiveteaching/article/download/449/422/3083,publisher_pdf,2026-08-31,,,externally_reviewed_not_applicable,"Publisher PDF was reviewed; it describes a prospective protocol/proposal without completed empirical results, so the empirical MMAT criteria are not applicable at this stage"
PS-6923,6923,https://doi.org/10.7916/2q6y-bm58,doi_identifier,2026-09-01,,,abstract_metadata_available_primary_not_recovered,"Columbia repository abstract and dissertation metadata identify the work; the DOI resolves to the repository, but automated retrieval encountered its access-protection page and the exact primary dissertation text was not recovered"
