snapshot_date,study_id,study_key,s1,s2,empirical_status,design,design_status,q1,q2,q3,q4,q5,assessment_basis,source_id,page_or_section,reviewer,review_date,adjudication_status,assessment_status,notes,criterion_evidence
2026-08-31,1,Math2021_001,Y,Y,empirical_abstract_only,quantitative_descriptive,abstract_based,Y,CT,Y,CT,CT,abstract_and_metadata_only,PS-001,Abstract; methods and validation details unavailable,single_reviewer,2026-08-31,supervisor_review_pending,provisional_abstract_plus_metadata,Abstract states a clear PISA prediction objective and model comparison; representativeness nonresponse and validation require the full paper,S1=Y objective stated;S2=Y PISA data and prediction task aligned;Q1=Y dataset relevant;Q2=CT population sampling unclear;Q3=Y proficiency and background variables identified;Q4=CT nonresponse not reported;Q5=CT model validation details unavailable
2026-08-31,2,Implementation2025_000,Y,Y,empirical_confirmed_external,quantitative_descriptive,primary_text_reviewed_external,Y,N,Y,CT,Y,primary_full_text_reviewed_externally,PS-002,Abstract; Methodology; Results; Limitations,single_reviewer,2026-08-31,supervisor_review_pending,provisional_primary_source_review,One private elementary school with 280 students limits representativeness; 5-fold validation and test evaluation are described but nonresponse is not reported,S1=Y aim and prediction question explicit;S2=Y dataset and classifiers address aim;Q1=Y school dataset is relevant;Q2=N one private school is not representative of broad target population;Q3=Y academic and demographic measures are defined;Q4=CT nonresponse not reported;Q5=Y holdout and cross-validation with performance metrics described
2026-08-31,3,Multimodels2020_002,Y,Y,empirical_confirmed_external,quantitative_descriptive,primary_text_reviewed_external,Y,CT,Y,CT,Y,primary_full_text_reviewed_externally,PS-003,Abstract; Data Collection and Preprocessing; Experimental Results,single_reviewer,2026-08-31,supervisor_review_pending,provisional_primary_source_review,Questionnaire data from Cambodian high schools and comparative model evaluation are described; population representativeness and nonresponse remain unclear,S1=Y aim and research task explicit;S2=Y observed educational factors and outcomes address aim;Q1=Y questionnaire and school data are relevant;Q2=CT school selection and population coverage unclear;Q3=Y factors and mathematics performance are operationalized;Q4=CT nonresponse not reported;Q5=Y comparative metrics and model evaluation described
2026-08-31,4,Analysis2022_003,Y,Y,empirical_confirmed_external,quantitative_descriptive,primary_text_reviewed_external,Y,CT,Y,CT,CT,primary_full_text_reviewed_externally,PS-004,Abstract; Dataset Description; Data Pre-processing; Experimental Results,single_reviewer,2026-08-31,supervisor_review_pending,provisional_primary_source_review,Two Portuguese school datasets and the classifier comparison are visible in the external full text; sampling representativeness nonresponse and validation protocol remain insufficiently described,S1=Y objective stated;S2=Y datasets and prediction methods aligned;Q1=Y educational datasets relevant;Q2=CT target population and sampling unclear;Q3=Y grades demographics and predictors identified;Q4=CT nonresponse unavailable;Q5=CT validation protocol not located in the reviewed text
2026-08-31,5,Design2025_004,Y,Y,empirical_abstract_only,quantitative_nonrandomized,abstract_based,CT,CT,CT,CT,CT,abstract_and_metadata_only,PS-005,Abstract; full methods unavailable,single_reviewer,2026-08-31,supervisor_review_pending,provisional_abstract_plus_metadata,Abstract reports a control-group comparison but does not establish allocation measurement completeness confounding control or adherence,S1=Y objective apparent from abstract;S2=Y learning-path comparison addresses objective;Q1=CT participants and allocation unclear;Q2=CT outcome and intervention measurement unclear;Q3=CT completeness unavailable;Q4=CT confounder control unavailable;Q5=CT implementation and adherence unavailable
2026-08-31,6,Identifying2017_006,Y,Y,empirical_confirmed_external,quantitative_descriptive,primary_text_reviewed_external,Y,CT,Y,CT,Y,primary_full_text_reviewed_externally,PS-006,Abstract; Data and Sample; Model Construction; Results,single_reviewer,2026-08-31,supervisor_review_pending,provisional_primary_source_review,TIMSS 2011 data and 6250 final observations are documented; the paper does not fully establish sampling weights or nonresponse handling for this appraisal,S1=Y research aim and comparison explicit;S2=Y TIMSS factors and classification task aligned;Q1=Y secondary assessment data relevant;Q2=CT representativeness and weighting not fully documented;Q3=Y mathematics achievement and student factors measured;Q4=CT exclusions and nonresponse disposition require clarification;Q5=Y multiple algorithms and performance measures reported
2026-08-31,7,Innovative2023_005,Y,Y,empirical_confirmed_external,quantitative_nonrandomized,primary_text_reviewed_external,CT,CT,Y,CT,Y,primary_full_text_reviewed_externally,PS-007,Abstract; Smart Teaching Model; Experimental and Control Groups; Results,single_reviewer,2026-08-31,supervisor_review_pending,provisional_primary_source_review,Experimental and control groups are reported without clear randomization or confounder strategy; the source also contains inconsistent sample and time descriptions,S1=Y purpose and comparison explicit;S2=Y pre/post scores and teaching intervention address aim;Q1=CT group recruitment and target population unclear;Q2=CT score and satisfaction instruments insufficiently described;Q3=Y pre/post outcomes reported;Q4=CT nonresponse and confounding unclear;Q5=Y teaching model exposure is described
2026-08-31,8,Computational2017_008,Y,Y,empirical_confirmed_external,quantitative_nonrandomized,primary_text_reviewed_external,CT,CT,CT,CT,CT,primary_full_text_reviewed_externally,PS-008,Abstract; Experimental Design Task; Model Evaluation; Cross-Domain Evaluation,single_reviewer,2026-08-31,supervisor_review_pending,provisional_primary_source_review,The dissertation contains several simulation and human-data evaluations rather than one simple intervention; criteria remain CT where the heterogeneous designs do not support a single judgment,S1=Y research objectives explicit;S2=Y model and human data address the objectives;Q1=CT participant sampling varies by tutor study;Q2=CT outcomes and exposures vary across chapters;Q3=CT completeness not uniform across datasets;Q4=CT confounding is not a single estimand;Q5=CT adherence and intervention exposure vary across studies
2026-08-31,9,Machine2019_007,Y,Y,empirical_abstract_only,quantitative_descriptive,abstract_based,Y,CT,Y,CT,Y,abstract_and_metadata_only,PS-009,Abstract; full methods unavailable,single_reviewer,2026-08-31,supervisor_review_pending,provisional_abstract_plus_metadata,Benchmark and student surveys are reported but the institutional context and full sampling and validation procedures require the paper,S1=Y predictive and feedback aims explicit;S2=Y benchmark and survey data address stated aims;Q1=Y data and methods relevant;Q2=CT target population and sampling unclear;Q3=Y algorithm performance and survey feedback measured;Q4=CT nonresponse unavailable;Q5=Y comparative benchmarking is appropriate in principle
2026-08-31,10,Machine2024_009,Y,Y,empirical_abstract_only,quantitative_descriptive,abstract_based,Y,CT,Y,CT,CT,abstract_and_metadata_only,PS-010,Abstract; full methods unavailable,single_reviewer,2026-08-31,supervisor_review_pending,provisional_abstract_plus_metadata,Abstract identifies an educational information-system dataset and decision-tree task but does not establish representativeness nonresponse or validation details,S1=Y aim stated;S2=Y academic performance prediction aligned;Q1=Y institutional data relevant;Q2=CT population coverage unclear;Q3=Y pass fail and conditional outcomes identified;Q4=CT nonresponse unavailable;Q5=CT validation protocol unavailable
2026-09-03,14,Enhancing2025_012,Y,Y,empirical_confirmed_external,design_pending,allocation_conflict_pending,CT,CT,CT,CT,CT,primary_full_text_reviewed_externally,PS-014,"Publisher PDF pp. 101-105: purposive selection of two schools; conflicting statements on random allocation (p. 101) and quasi-experimental/no random assignment (p. 102); pre/post outcome results (p. 105)",single_reviewer,2026-10-09,supervisor_review_pending,provisional_primary_source_review,"Full text reviewed externally. The paper reports both random allocation of the two selected schools (p. 101) and a quasi-experimental design with no random assignment (p. 102); the MMAT design category and Q1-Q5 are held pending clarification/adjudication. The pretest difference is already significant (U=6714, p<.001), and the intervention combines animation and jigsaw learning.","S1=Y research questions and objectives are explicit;S2=Y mathematics pre/post tests address the stated achievement question;Q1=CT design category not settled because source statements on allocation conflict;Q2=CT design category not settled because source statements on allocation conflict;Q3=CT design category not settled because source statements on allocation conflict;Q4=CT design category not settled because source statements on allocation conflict;Q5=CT design category not settled because source statements on allocation conflict"
2026-09-03,6915,He2025_6915,Y,Y,empirical_confirmed_external,quantitative_nonrandomized,primary_full_text_reviewed_provisional,N,Y,CT,N,Y,primary_full_text_reviewed_externally,PS-6915,"Publisher full text: Feature selection and practical application; Validation; eight-class experiment and pre/post tests",single_reviewer,2026-10-09,supervisor_review_pending,provisional_primary_source_review,"Full-text appraisal is limited to the classroom component, not the secondary synthesis of 423 publications or the predictive-model development. The article reports 45 students in each of eight classes but states total n=90; it assigns one teacher to both control classes and three teachers to experimental classes, with no adjustment for this teacher-condition confounding identified.","S1=Y research questions and objectives are explicit;S2=Y the data and classroom study address prediction and application questions;Q1=N a single school and eight classes do not represent the broad K-12 target implied by the paper;Q2=Y paper-based mathematics tests and external marking are described for achievement outcomes;Q3=CT the reported total sample conflicts with eight classes of 45 and completeness of outcomes is unclear;Q4=N teacher identity is confounded with condition and no adjustment is reported;Q5=Y the six experimental groups are reported to follow the 18-period instructional plan"
2026-08-31,6916,Villegas2025_6916,Y,Y,empirical_confirmed_external,quantitative_nonrandomized,primary_text_reviewed_external,CT,CT,CT,N,CT,primary_full_text_reviewed_externally,PS-6916,Methods: Data Acquisition and Evaluation; Experimental Design; Data Analysis; Limitations,single_reviewer,2026-08-31,supervisor_review_pending,provisional_primary_source_review,Two-group intervention is described with 450 students but recruitment completeness and baseline confounder control are insufficient; six-week versus week-eight descriptions require editorial verification,S1=Y objective and intervention comparison explicit;S2=Y system exposure and learning outcomes address aim;Q1=CT population and recruitment not established;Q2=CT outcome instruments and intervention measurement need confirmation;Q3=CT complete outcomes not demonstrated;Q4=N confounders and allocation are not adequately accounted for;Q5=CT exposure is described but adherence and chronology are inconsistent
2026-08-31,6917,Ozseven2026_6917,Y,Y,empirical_confirmed_external,quantitative_descriptive,primary_text_reviewed_external,Y,N,Y,CT,Y,primary_full_text_reviewed_externally,PS-6917,Dataset Description; Data Preprocessing; Dataset and Splitting Strategy; Experimental Results,single_reviewer,2026-08-31,supervisor_review_pending,provisional_primary_source_review,ASSISTments source and student-level split are documented; filtering by interaction count and absence of a broader sampling frame limit representativeness,S1=Y predictive question explicit;S2=Y ASSISTments features and outcomes address aim;Q1=Y dataset and split are relevant;Q2=N filtered ASSISTments subset is not shown representative of target population;Q3=Y behavioral and performance variables defined;Q4=CT nonresponse or missingness bias not reported;Q5=Y train validation test split and multiple metrics described
2026-09-03,6919,UniversityMathematics2026_6919,Y,Y,empirical_confirmed_external,mixed_methods,design_reassessed_provisional,CT,CT,CT,CT,CT,primary_full_text_reviewed_externally,PS-6919,"Full text via public mirror: 4.1.1 pp. 8–9 (cohorts); 4.1.3 p. 9 (AI questionnaire); 4.3 pp. 13–14 (quantitative analyses); 4.4.8 p. 18 (interviews); 6 p. 24 (limitations)",single_reviewer,2026-10-09,supervisor_review_pending,provisional_primary_source_review,"The authors report non-contemporaneous cohorts (2021 control n=94; 2025 post-reform n=89), a 12-item questionnaire described as AI-powered and adaptive, and a university mathematics course using Fourier analysis in SiC metrology. Quantitative outcomes and 12 semi-structured interviews are reported. The four-year cohort gap and possible staff, campus, post-pandemic, and secular changes limit causal attribution; baseline similarity does not remove those threats. No specific machine-learning algorithm for this study was identified in the reviewed article. The appraisal remains single-reviewer and provisional.",S1=Y mathematics education question and hypotheses are explicit;S2=Y collected educational measures address the stated course-reform question;Q1=CT cohort recruitment and comparability require independent appraisal;Q2=CT one institution and one engineering major limit population transfer;Q3=CT measures are described but their validity and completeness need independent review;Q4=CT historical-cohort confounding is acknowledged but the appropriate mixed-methods criterion needs independent review;Q5=CT integration of quantitative outcomes and interviews requires independent appraisal
2026-08-31,6920,Echeveria2025_6920,Y,Y,empirical_confirmed_external,quantitative_descriptive,primary_text_reviewed_external,Y,N,Y,N,CT,primary_full_text_reviewed_externally,PS-6920,Research Design; Participants; Instruments; Model Evaluation; Results,single_reviewer,2026-08-31,supervisor_review_pending,provisional_primary_source_review,The article reports 633 recruited and 428 complete cases from one school; the split description is internally inconsistent and the missing-data loss is material,S1=Y research questions and model aim explicit;S2=Y instruments and model address aim;Q1=Y school sample relevant to local question;Q2=N one school does not support broad representativeness;Q3=Y instruments and outcome categories described;Q4=N 205 of 633 recruited cases are not in the complete analysis;Q5=CT 80/20 plus 10-fold validation is claimed but the method wording is inconsistent
2026-08-31,6921,Imperatrice2025_6921,CT,CT,protocol_or_proposal_not_applicable,,not_applicable,CT,CT,CT,CT,CT,protocol_or_proposal_not_applicable,PS-6921,Full text; protocol/proposal; empirical results not available,single_reviewer,2026-08-31,supervisor_review_pending,hold_empirical_status,The publisher PDF describes a prospective protocol or proposal and does not report completed empirical data; empirical MMAT criteria are therefore not applicable until a completed study report exists,S1=CT research question may be present but the proposed study is not an empirical report;S2=CT collected data cannot be confirmed;Q1=CT empirical design not applicable;Q2=CT empirical population/sampling not applicable;Q3=CT completed outcomes not applicable;Q4=CT nonresponse not applicable;Q5=CT intervention adherence not applicable
2026-08-31,6923,Zeng2025_6923,Y,Y,empirical_abstract_only,quantitative_nonrandomized,abstract_based,CT,Y,CT,CT,CT,abstract_and_metadata_only,PS-6923,Repository abstract and dissertation metadata; full text not recovered,single_reviewer,2026-08-31,supervisor_review_pending,provisional_abstract_plus_metadata,Abstract describes a two-phase within-subject experiment and multimodal measures but exact dissertation text and criterion-level reporting remain unavailable,S1=Y objectives and design stated;S2=Y EEG eye tracking and task outcomes address aim;Q1=CT participant sampling unclear;Q2=Y measures are appropriate to cognitive-load question;Q3=CT complete data unavailable;Q4=CT confounding and order effects unclear;Q5=CT task exposure and adherence details unavailable
